{"regist_target_img_scalef": 0.15580368, "tissue_hires_scalef": 0.051934563, "tissue_lowres_scalef": 0.015580369, "fiducial_diameter_fullres": 383.59472791732895, "spot_diameter_fullres": 219.1969873813308}